1,Muster,Hans,Hauptstrasse,Zürich
2,Muster,Hans,Hauptstrasse,Zürich
3,Muster,Hans,Hauptstrasse,Zürich
4,Muster,Hans,Hauptstrasse,Zürich
5,Muster,Hans,Hauptstrasse,Zürich
6,Muster,Hans,Hauptstrasse,Zürich
7,Muster,Hans,Hauptstrasse,Zürich
8,Muster,Hans,Hauptstrasse,Zürich
9,Muster,Hans,Hauptstrasse,Zürich
10,Muster,Hans,Hauptstrasse,Zürich
11,Muster,Hans,Hauptstrasse,Zürich
12,Muster,Hans,Hauptstrasse,Zürich
13,Muster,Hans,Hauptstrasse,Zürich
14,Muster,Hans,Hauptstrasse,Zürich
15,Muster,Hans,Hauptstrasse,Zürich
16,Muster,Hans,Hauptstrasse,Zürich
17,Muster,Hans,Hauptstrasse,Zürich
18,Muster,Hans,Hauptstrasse,Zürich
19,Muster,Hans,Hauptstrasse,Zürich
20,Muster,Hans,Hauptstrasse,Zürich
21,Muster,Hans,Hauptstrasse,Zürich
22,Muster,Hans,Hauptstrasse,Zürich
23,Muster,Hans,Hauptstrasse,Zürich
24,Muster,Hans,Hauptstrasse,Zürich
25,Muster,Hans,Hauptstrasse,Zürich
26,Muster,Hans,Hauptstrasse,Zürich
27,Muster,Hans,Hauptstrasse,Zürich
28,Muster,Hans,Hauptstrasse,Zürich
29,Muster,Hans,Hauptstrasse,Zürich
30,Muster,Hans,Hauptstrasse,Zürich
31,Muster,Hans,Hauptstrasse,Zürich
32,Muster,Hans,Hauptstrasse,Zürich
33,Muster,Hans,Hauptstrasse,Zürich
34,Muster,Hans,Hauptstrasse,Zürich
35,Muster,Hans,Hauptstrasse,Zürich
36,Muster,Hans,Hauptstrasse,Zürich
37,Muster,Hans,Hauptstrasse,Zürich
38,Muster,Hans,Hauptstrasse,Zürich
39,Muster,Hans,Hauptstrasse,Zürich
40,Muster,Hans,Hauptstrasse,Zürich
41,Muster,Hans,Hauptstrasse,Zürich
42,Muster,Hans,Hauptstrasse,Zürich
43,Muster,Hans,Hauptstrasse,Zürich
44,Muster,Hans,Hauptstrasse,Zürich
45,Muster,Hans,Hauptstrasse,Zürich
46,Muster,Hans,Hauptstrasse,Zürich
47,Muster,Hans,Hauptstrasse,Zürich
48,Muster,Hans,Hauptstrasse,Zürich
49,Muster,Hans,Hauptstrasse,Zürich
50,Muster,Hans,Hauptstrasse,Zürich
51,Muster,Hans,Hauptstrasse,Zürich
52,Muster,Hans,Hauptstrasse,Zürich
53,Muster,Hans,Hauptstrasse,Zürich
54,Muster,Hans,Hauptstrasse,Zürich
55,Muster,Hans,Hauptstrasse,Zürich
56,Muster,Hans,Hauptstrasse,Zürich
57,Muster,Hans,Hauptstrasse,Zürich
58,Muster,Hans,Hauptstrasse,Zürich
59,Muster,Hans,Hauptstrasse,Zürich
60,Muster,Hans,Hauptstrasse,Zürich
61,Muster,Hans,Hauptstrasse,Zürich
62,Muster,Hans,Hauptstrasse,Zürich
63,Muster,Hans,Hauptstrasse,Zürich
64,Muster,Hans,Hauptstrasse,Zürich
65,Muster,Hans,Hauptstrasse,Zürich
66,Muster,Hans,Hauptstrasse,Zürich
67,Muster,Hans,Hauptstrasse,Zürich
68,Muster,Hans,Hauptstrasse,Zürich
69,Muster,Hans,Hauptstrasse,Zürich
70,Muster,Hans,Hauptstrasse,Zürich
71,Muster,Hans,Hauptstrasse,Zürich
72,Muster,Hans,Hauptstrasse,Zürich
73,Muster,Hans,Hauptstrasse,Zürich
74,Muster,Hans,Hauptstrasse,Zürich
75,Muster,Hans,Hauptstrasse,Zürich
76,Muster,Hans,Hauptstrasse,Zürich
77,Muster,Hans,Hauptstrasse,Zürich
78,Muster,Hans,Hauptstrasse,Zürich
79,Muster,Hans,Hauptstrasse,Zürich
80,Muster,Hans,Hauptstrasse,Zürich
81,Muster,Hans,Hauptstrasse,Zürich
82,Muster,Hans,Hauptstrasse,Zürich
83,Muster,Hans,Hauptstrasse,Zürich
84,Muster,Hans,Hauptstrasse,Zürich
85,Muster,Hans,Hauptstrasse,Zürich
86,Muster,Hans,Hauptstrasse,Zürich
87,Muster,Hans,Hauptstrasse,Zürich
88,Muster,Hans,Hauptstrasse,Zürich
89,Muster,Hans,Hauptstrasse,Zürich
90,Muster,Hans,Hauptstrasse,Zürich
91,Muster,Hans,Hauptstrasse,Zürich
92,Muster,Hans,Hauptstrasse,Zürich
93,Muster,Hans,Hauptstrasse,Zürich
94,Muster,Hans,Hauptstrasse,Zürich
95,Muster,Hans,Hauptstrasse,Zürich
96,Muster,Hans,Hauptstrasse,Zürich
97,Muster,Hans,Hauptstrasse,Zürich
98,Muster,Hans,Hauptstrasse,Zürich
99,Muster,Hans,Hauptstrasse,Zürich
100,Muster,Hans,Hauptstrasse,Zürich
101,Muster,Hans,Hauptstrasse,Zürich
102,Muster,Hans,Hauptstrasse,Zürich
103,Muster,Hans,Hauptstrasse,Zürich
104,Muster,Hans,Hauptstrasse,Zürich
105,Muster,Hans,Hauptstrasse,Zürich
106,Muster,Hans,Hauptstrasse,Zürich
107,Muster,Hans,Hauptstrasse,Zürich
108,Muster,Hans,Hauptstrasse,Zürich
109,Muster,Hans,Hauptstrasse,Zürich
110,Muster,Hans,Hauptstrasse,Zürich
111,Muster,Hans,Hauptstrasse,Zürich
112,Muster,Hans,Hauptstrasse,Zürich
113,Muster,Hans,Hauptstrasse,Zürich
114,Muster,Hans,Hauptstrasse,Zürich
115,Muster,Hans,Hauptstrasse,Zürich
116,Muster,Hans,Hauptstrasse,Zürich
117,Muster,Hans,Hauptstrasse,Zürich
118,Muster,Hans,Hauptstrasse,Zürich
119,Muster,Hans,Hauptstrasse,Zürich
120,Muster,Hans,Hauptstrasse,Zürich
121,Muster,Hans,Hauptstrasse,Zürich
122,Muster,Hans,Hauptstrasse,Zürich
123,Muster,Hans,Hauptstrasse,Zürich
124,Muster,Hans,Hauptstrasse,Zürich
125,Muster,Hans,Hauptstrasse,Zürich
126,Muster,Hans,Hauptstrasse,Zürich
127,Muster,Hans,Hauptstrasse,Zürich
128,Muster,Hans,Hauptstrasse,Zürich
129,Muster,Hans,Hauptstrasse,Zürich
130,Muster,Hans,Hauptstrasse,Zürich
131,Muster,Hans,Hauptstrasse,Zürich
132,Muster,Hans,Hauptstrasse,Zürich
133,Muster,Hans,Hauptstrasse,Zürich
134,Muster,Hans,Hauptstrasse,Zürich
135,Muster,Hans,Hauptstrasse,Zürich
136,Muster,Hans,Hauptstrasse,Zürich
137,Muster,Hans,Hauptstrasse,Zürich
138,Muster,Hans,Hauptstrasse,Zürich
139,Muster,Hans,Hauptstrasse,Zürich
140,Muster,Hans,Hauptstrasse,Zürich
141,Muster,Hans,Hauptstrasse,Zürich
142,Muster,Hans,Hauptstrasse,Zürich
143,Muster,Hans,Hauptstrasse,Zürich
144,Muster,Hans,Hauptstrasse,Zürich
145,Muster,Hans,Hauptstrasse,Zürich
146,Muster,Hans,Hauptstrasse,Zürich
147,Muster,Hans,Hauptstrasse,Zürich
148,Muster,Hans,Hauptstrasse,Zürich
149,Muster,Hans,Hauptstrasse,Zürich
150,Muster,Hans,Hauptstrasse,Zürich
151,Muster,Hans,Hauptstrasse,Zürich
152,Muster,Hans,Hauptstrasse,Zürich
153,Muster,Hans,Hauptstrasse,Zürich
154,Muster,Hans,Hauptstrasse,Zürich
155,Muster,Hans,Hauptstrasse,Zürich
156,Muster,Hans,Hauptstrasse,Zürich
157,Muster,Hans,Hauptstrasse,Zürich
158,Muster,Hans,Hauptstrasse,Zürich
159,Muster,Hans,Hauptstrasse,Zürich
160,Muster,Hans,Hauptstrasse,Zürich
161,Muster,Hans,Hauptstrasse,Zürich
162,Muster,Hans,Hauptstrasse,Zürich
163,Muster,Hans,Hauptstrasse,Zürich
164,Muster,Hans,Hauptstrasse,Zürich
165,Muster,Hans,Hauptstrasse,Zürich
166,Muster,Hans,Hauptstrasse,Zürich
167,Muster,Hans,Hauptstrasse,Zürich
168,Muster,Hans,Hauptstrasse,Zürich
169,Muster,Hans,Hauptstrasse,Zürich
170,Muster,Hans,Hauptstrasse,Zürich
171,Muster,Hans,Hauptstrasse,Zürich
172,Muster,Hans,Hauptstrasse,Zürich
173,Muster,Hans,Hauptstrasse,Zürich
174,Muster,Hans,Hauptstrasse,Zürich
175,Muster,Hans,Hauptstrasse,Zürich
176,Muster,Hans,Hauptstrasse,Zürich
177,Muster,Hans,Hauptstrasse,Zürich
178,Muster,Hans,Hauptstrasse,Zürich
179,Muster,Hans,Hauptstrasse,Zürich
180,Muster,Hans,Hauptstrasse,Zürich
181,Muster,Hans,Hauptstrasse,Zürich
182,Muster,Hans,Hauptstrasse,Zürich
183,Muster,Hans,Hauptstrasse,Zürich
184,Muster,Hans,Hauptstrasse,Zürich
185,Muster,Hans,Hauptstrasse,Zürich
186,Muster,Hans,Hauptstrasse,Zürich
187,Muster,Hans,Hauptstrasse,Zürich
188,Muster,Hans,Hauptstrasse,Zürich
189,Muster,Hans,Hauptstrasse,Zürich
190,Muster,Hans,Hauptstrasse,Zürich
191,Muster,Hans,Hauptstrasse,Zürich
192,Muster,Hans,Hauptstrasse,Zürich
193,Muster,Hans,Hauptstrasse,Zürich
194,Muster,Hans,Hauptstrasse,Zürich
195,Muster,Hans,Hauptstrasse,Zürich
196,Muster,Hans,Hauptstrasse,Zürich
197,Muster,Hans,Hauptstrasse,Zürich
198,Muster,Hans,Hauptstrasse,Zürich
199,Muster,Hans,Hauptstrasse,Zürich
200,Muster,Hans,Hauptstrasse,Zürich
201,Muster,Hans,Hauptstrasse,Zürich
202,Muster,Hans,Hauptstrasse,Zürich
203,Muster,Hans,Hauptstrasse,Zürich
204,Muster,Hans,Hauptstrasse,Zürich
205,Muster,Hans,Hauptstrasse,Zürich
206,Muster,Hans,Hauptstrasse,Zürich
207,Muster,Hans,Hauptstrasse,Zürich
208,Muster,Hans,Hauptstrasse,Zürich
209,Muster,Hans,Hauptstrasse,Zürich
210,Muster,Hans,Hauptstrasse,Zürich
211,Muster,Hans,Hauptstrasse,Zürich
212,Muster,Hans,Hauptstrasse,Zürich
213,Muster,Hans,Hauptstrasse,Zürich
214,Muster,Hans,Hauptstrasse,Zürich
215,Muster,Hans,Hauptstrasse,Zürich
216,Muster,Hans,Hauptstrasse,Zürich
217,Muster,Hans,Hauptstrasse,Zürich
218,Muster,Hans,Hauptstrasse,Zürich
219,Muster,Hans,Hauptstrasse,Zürich
220,Muster,Hans,Hauptstrasse,Zürich
221,Muster,Hans,Hauptstrasse,Zürich
222,Muster,Hans,Hauptstrasse,Zürich
223,Muster,Hans,Hauptstrasse,Zürich
224,Muster,Hans,Hauptstrasse,Zürich
225,Muster,Hans,Hauptstrasse,Zürich
226,Muster,Hans,Hauptstrasse,Zürich
227,Muster,Hans,Hauptstrasse,Zürich
228,Muster,Hans,Hauptstrasse,Zürich
229,Muster,Hans,Hauptstrasse,Zürich
230,Muster,Hans,Hauptstrasse,Zürich
231,Muster,Hans,Hauptstrasse,Zürich
232,Muster,Hans,Hauptstrasse,Zürich
233,Muster,Hans,Hauptstrasse,Zürich
234,Muster,Hans,Hauptstrasse,Zürich
235,Muster,Hans,Hauptstrasse,Zürich
236,Muster,Hans,Hauptstrasse,Zürich
237,Muster,Hans,Hauptstrasse,Zürich
238,Muster,Hans,Hauptstrasse,Zürich
239,Muster,Hans,Hauptstrasse,Zürich
240,Muster,Hans,Hauptstrasse,Zürich
241,Muster,Hans,Hauptstrasse,Zürich
242,Muster,Hans,Hauptstrasse,Zürich
243,Muster,Hans,Hauptstrasse,Zürich
244,Muster,Hans,Hauptstrasse,Zürich
245,Muster,Hans,Hauptstrasse,Zürich
246,Muster,Hans,Hauptstrasse,Zürich
247,Muster,Hans,Hauptstrasse,Zürich
248,Muster,Hans,Hauptstrasse,Zürich
249,Muster,Hans,Hauptstrasse,Zürich
250,Muster,Hans,Hauptstrasse,Zürich
251,Muster,Hans,Hauptstrasse,Zürich
252,Muster,Hans,Hauptstrasse,Zürich
253,Muster,Hans,Hauptstrasse,Zürich
254,Muster,Hans,Hauptstrasse,Zürich
255,Muster,Hans,Hauptstrasse,Zürich
256,Muster,Hans,Hauptstrasse,Zürich
257,Muster,Hans,Hauptstrasse,Zürich
258,Muster,Hans,Hauptstrasse,Zürich
259,Muster,Hans,Hauptstrasse,Zürich
260,Muster,Hans,Hauptstrasse,Zürich
261,Muster,Hans,Hauptstrasse,Zürich
262,Muster,Hans,Hauptstrasse,Zürich
263,Muster,Hans,Hauptstrasse,Zürich
264,Muster,Hans,Hauptstrasse,Zürich
265,Muster,Hans,Hauptstrasse,Zürich
266,Muster,Hans,Hauptstrasse,Zürich
267,Muster,Hans,Hauptstrasse,Zürich
268,Muster,Hans,Hauptstrasse,Zürich
269,Muster,Hans,Hauptstrasse,Zürich
270,Muster,Hans,Hauptstrasse,Zürich
271,Muster,Hans,Hauptstrasse,Zürich
272,Muster,Hans,Hauptstrasse,Zürich
273,Muster,Hans,Hauptstrasse,Zürich
274,Muster,Hans,Hauptstrasse,Zürich
275,Muster,Hans,Hauptstrasse,Zürich
276,Muster,Hans,Hauptstrasse,Zürich
277,Muster,Hans,Hauptstrasse,Zürich
278,Muster,Hans,Hauptstrasse,Zürich
279,Muster,Hans,Hauptstrasse,Zürich
280,Muster,Hans,Hauptstrasse,Zürich
281,Muster,Hans,Hauptstrasse,Zürich
282,Muster,Hans,Hauptstrasse,Zürich
283,Muster,Hans,Hauptstrasse,Zürich
284,Muster,Hans,Hauptstrasse,Zürich
285,Muster,Hans,Hauptstrasse,Zürich
286,Muster,Hans,Hauptstrasse,Zürich
287,Muster,Hans,Hauptstrasse,Zürich
288,Muster,Hans,Hauptstrasse,Zürich
289,Muster,Hans,Hauptstrasse,Zürich
290,Muster,Hans,Hauptstrasse,Zürich
291,Muster,Hans,Hauptstrasse,Zürich
292,Muster,Hans,Hauptstrasse,Zürich
293,Muster,Hans,Hauptstrasse,Zürich
294,Muster,Hans,Hauptstrasse,Zürich
295,Muster,Hans,Hauptstrasse,Zürich
296,Muster,Hans,Hauptstrasse,Zürich
297,Muster,Hans,Hauptstrasse,Zürich
298,Muster,Hans,Hauptstrasse,Zürich
299,Muster,Hans,Hauptstrasse,Zürich
300,Muster,Hans,Hauptstrasse,Zürich
301,Muster,Hans,Hauptstrasse,Zürich
302,Muster,Hans,Hauptstrasse,Zürich
303,Muster,Hans,Hauptstrasse,Zürich
304,Muster,Hans,Hauptstrasse,Zürich
305,Muster,Hans,Hauptstrasse,Zürich
306,Muster,Hans,Hauptstrasse,Zürich
307,Muster,Hans,Hauptstrasse,Zürich
308,Muster,Hans,Hauptstrasse,Zürich
309,Muster,Hans,Hauptstrasse,Zürich
310,Muster,Hans,Hauptstrasse,Zürich
311,Muster,Hans,Hauptstrasse,Zürich
312,Muster,Hans,Hauptstrasse,Zürich
313,Muster,Hans,Hauptstrasse,Zürich
314,Muster,Hans,Hauptstrasse,Zürich
315,Muster,Hans,Hauptstrasse,Zürich
316,Muster,Hans,Hauptstrasse,Zürich
317,Muster,Hans,Hauptstrasse,Zürich
318,Muster,Hans,Hauptstrasse,Zürich
319,Muster,Hans,Hauptstrasse,Zürich
320,Muster,Hans,Hauptstrasse,Zürich
321,Muster,Hans,Hauptstrasse,Zürich
322,Muster,Hans,Hauptstrasse,Zürich
323,Muster,Hans,Hauptstrasse,Zürich
324,Muster,Hans,Hauptstrasse,Zürich
325,Muster,Hans,Hauptstrasse,Zürich
326,Muster,Hans,Hauptstrasse,Zürich
327,Muster,Hans,Hauptstrasse,Zürich
328,Muster,Hans,Hauptstrasse,Zürich
329,Muster,Hans,Hauptstrasse,Zürich
330,Muster,Hans,Hauptstrasse,Zürich
331,Muster,Hans,Hauptstrasse,Zürich
332,Muster,Hans,Hauptstrasse,Zürich
333,Muster,Hans,Hauptstrasse,Zürich
334,Muster,Hans,Hauptstrasse,Zürich
335,Muster,Hans,Hauptstrasse,Zürich
336,Muster,Hans,Hauptstrasse,Zürich
337,Muster,Hans,Hauptstrasse,Zürich
338,Muster,Hans,Hauptstrasse,Zürich
339,Muster,Hans,Hauptstrasse,Zürich
340,Muster,Hans,Hauptstrasse,Zürich
341,Muster,Hans,Hauptstrasse,Zürich
342,Muster,Hans,Hauptstrasse,Zürich
343,Muster,Hans,Hauptstrasse,Zürich
344,Muster,Hans,Hauptstrasse,Zürich
345,Muster,Hans,Hauptstrasse,Zürich
346,Muster,Hans,Hauptstrasse,Zürich
347,Muster,Hans,Hauptstrasse,Zürich
348,Muster,Hans,Hauptstrasse,Zürich
349,Muster,Hans,Hauptstrasse,Zürich
350,Muster,Hans,Hauptstrasse,Zürich
351,Muster,Hans,Hauptstrasse,Zürich
352,Muster,Hans,Hauptstrasse,Zürich
353,Muster,Hans,Hauptstrasse,Zürich
354,Muster,Hans,Hauptstrasse,Zürich
355,Muster,Hans,Hauptstrasse,Zürich
356,Muster,Hans,Hauptstrasse,Zürich
357,Muster,Hans,Hauptstrasse,Zürich
358,Muster,Hans,Hauptstrasse,Zürich
359,Muster,Hans,Hauptstrasse,Zürich
360,Muster,Hans,Hauptstrasse,Zürich
361,Muster,Hans,Hauptstrasse,Zürich
362,Muster,Hans,Hauptstrasse,Zürich
363,Muster,Hans,Hauptstrasse,Zürich
364,Muster,Hans,Hauptstrasse,Zürich
365,Muster,Hans,Hauptstrasse,Zürich
366,Muster,Hans,Hauptstrasse,Zürich
367,Muster,Hans,Hauptstrasse,Zürich
368,Muster,Hans,Hauptstrasse,Zürich
369,Muster,Hans,Hauptstrasse,Zürich
370,Muster,Hans,Hauptstrasse,Zürich
371,Muster,Hans,Hauptstrasse,Zürich
372,Muster,Hans,Hauptstrasse,Zürich
373,Muster,Hans,Hauptstrasse,Zürich
374,Muster,Hans,Hauptstrasse,Zürich
375,Muster,Hans,Hauptstrasse,Zürich
376,Muster,Hans,Hauptstrasse,Zürich
377,Muster,Hans,Hauptstrasse,Zürich
378,Muster,Hans,Hauptstrasse,Zürich
379,Muster,Hans,Hauptstrasse,Zürich
380,Muster,Hans,Hauptstrasse,Zürich
381,Muster,Hans,Hauptstrasse,Zürich
382,Muster,Hans,Hauptstrasse,Zürich
383,Muster,Hans,Hauptstrasse,Zürich
384,Muster,Hans,Hauptstrasse,Zürich
385,Muster,Hans,Hauptstrasse,Zürich
386,Muster,Hans,Hauptstrasse,Zürich
387,Muster,Hans,Hauptstrasse,Zürich
388,Muster,Hans,Hauptstrasse,Zürich
389,Muster,Hans,Hauptstrasse,Zürich
390,Muster,Hans,Hauptstrasse,Zürich
391,Muster,Hans,Hauptstrasse,Zürich
392,Muster,Hans,Hauptstrasse,Zürich
393,Muster,Hans,Hauptstrasse,Zürich
394,Muster,Hans,Hauptstrasse,Zürich
395,Muster,Hans,Hauptstrasse,Zürich
396,Muster,Hans,Hauptstrasse,Zürich
397,Muster,Hans,Hauptstrasse,Zürich
398,Muster,Hans,Hauptstrasse,Zürich
399,Muster,Hans,Hauptstrasse,Zürich
400,Muster,Hans,Hauptstrasse,Zürich
401,Muster,Hans,Hauptstrasse,Zürich
402,Muster,Hans,Hauptstrasse,Zürich
403,Muster,Hans,Hauptstrasse,Zürich
404,Muster,Hans,Hauptstrasse,Zürich
405,Muster,Hans,Hauptstrasse,Zürich
406,Muster,Hans,Hauptstrasse,Zürich
407,Muster,Hans,Hauptstrasse,Zürich
408,Muster,Hans,Hauptstrasse,Zürich
409,Muster,Hans,Hauptstrasse,Zürich
410,Muster,Hans,Hauptstrasse,Zürich
411,Muster,Hans,Hauptstrasse,Zürich
412,Muster,Hans,Hauptstrasse,Zürich
413,Muster,Hans,Hauptstrasse,Zürich
414,Muster,Hans,Hauptstrasse,Zürich
415,Muster,Hans,Hauptstrasse,Zürich
416,Muster,Hans,Hauptstrasse,Zürich
417,Muster,Hans,Hauptstrasse,Zürich
418,Muster,Hans,Hauptstrasse,Zürich
419,Muster,Hans,Hauptstrasse,Zürich
420,Muster,Hans,Hauptstrasse,Zürich
421,Muster,Hans,Hauptstrasse,Zürich
422,Muster,Hans,Hauptstrasse,Zürich
423,Muster,Hans,Hauptstrasse,Zürich
424,Muster,Hans,Hauptstrasse,Zürich
425,Muster,Hans,Hauptstrasse,Zürich
426,Muster,Hans,Hauptstrasse,Zürich
427,Muster,Hans,Hauptstrasse,Zürich
428,Muster,Hans,Hauptstrasse,Zürich
429,Muster,Hans,Hauptstrasse,Zürich
430,Muster,Hans,Hauptstrasse,Zürich
431,Muster,Hans,Hauptstrasse,Zürich
432,Muster,Hans,Hauptstrasse,Zürich
433,Muster,Hans,Hauptstrasse,Zürich
434,Muster,Hans,Hauptstrasse,Zürich
435,Muster,Hans,Hauptstrasse,Zürich
436,Muster,Hans,Hauptstrasse,Zürich
437,Muster,Hans,Hauptstrasse,Zürich
438,Muster,Hans,Hauptstrasse,Zürich
439,Muster,Hans,Hauptstrasse,Zürich
440,Muster,Hans,Hauptstrasse,Zürich
441,Muster,Hans,Hauptstrasse,Zürich
442,Muster,Hans,Hauptstrasse,Zürich
443,Muster,Hans,Hauptstrasse,Zürich
444,Muster,Hans,Hauptstrasse,Zürich
445,Muster,Hans,Hauptstrasse,Zürich
446,Muster,Hans,Hauptstrasse,Zürich
447,Muster,Hans,Hauptstrasse,Zürich
448,Muster,Hans,Hauptstrasse,Zürich
449,Muster,Hans,Hauptstrasse,Zürich
450,Muster,Hans,Hauptstrasse,Zürich
451,Muster,Hans,Hauptstrasse,Zürich
452,Muster,Hans,Hauptstrasse,Zürich
453,Muster,Hans,Hauptstrasse,Zürich
454,Muster,Hans,Hauptstrasse,Zürich
455,Muster,Hans,Hauptstrasse,Zürich
456,Muster,Hans,Hauptstrasse,Zürich
457,Muster,Hans,Hauptstrasse,Zürich
458,Muster,Hans,Hauptstrasse,Zürich
459,Muster,Hans,Hauptstrasse,Zürich
460,Muster,Hans,Hauptstrasse,Zürich
461,Muster,Hans,Hauptstrasse,Zürich
462,Muster,Hans,Hauptstrasse,Zürich
463,Muster,Hans,Hauptstrasse,Zürich
464,Muster,Hans,Hauptstrasse,Zürich
465,Muster,Hans,Hauptstrasse,Zürich
466,Muster,Hans,Hauptstrasse,Zürich
467,Muster,Hans,Hauptstrasse,Zürich
468,Muster,Hans,Hauptstrasse,Zürich
469,Muster,Hans,Hauptstrasse,Zürich
470,Muster,Hans,Hauptstrasse,Zürich
471,Muster,Hans,Hauptstrasse,Zürich
472,Muster,Hans,Hauptstrasse,Zürich
473,Muster,Hans,Hauptstrasse,Zürich
474,Muster,Hans,Hauptstrasse,Zürich
475,Muster,Hans,Hauptstrasse,Zürich
476,Muster,Hans,Hauptstrasse,Zürich
477,Muster,Hans,Hauptstrasse,Zürich
478,Muster,Hans,Hauptstrasse,Zürich
479,Muster,Hans,Hauptstrasse,Zürich
480,Muster,Hans,Hauptstrasse,Zürich
481,Muster,Hans,Hauptstrasse,Zürich
482,Muster,Hans,Hauptstrasse,Zürich
483,Muster,Hans,Hauptstrasse,Zürich
484,Muster,Hans,Hauptstrasse,Zürich
485,Muster,Hans,Hauptstrasse,Zürich
486,Muster,Hans,Hauptstrasse,Zürich
487,Muster,Hans,Hauptstrasse,Zürich
488,Muster,Hans,Hauptstrasse,Zürich
489,Muster,Hans,Hauptstrasse,Zürich
490,Muster,Hans,Hauptstrasse,Zürich
491,Muster,Hans,Hauptstrasse,Zürich
492,Muster,Hans,Hauptstrasse,Zürich
493,Muster,Hans,Hauptstrasse,Zürich
494,Muster,Hans,Hauptstrasse,Zürich
495,Muster,Hans,Hauptstrasse,Zürich
496,Muster,Hans,Hauptstrasse,Zürich
497,Muster,Hans,Hauptstrasse,Zürich
498,Muster,Hans,Hauptstrasse,Zürich
499,Muster,Hans,Hauptstrasse,Zürich
500,Muster,Hans,Hauptstrasse,Zürich
501,Muster,Hans,Hauptstrasse,Zürich
502,Muster,Hans,Hauptstrasse,Zürich
503,Muster,Hans,Hauptstrasse,Zürich
504,Muster,Hans,Hauptstrasse,Zürich
505,Muster,Hans,Hauptstrasse,Zürich
506,Muster,Hans,Hauptstrasse,Zürich
507,Muster,Hans,Hauptstrasse,Zürich
508,Muster,Hans,Hauptstrasse,Zürich
509,Muster,Hans,Hauptstrasse,Zürich
510,Muster,Hans,Hauptstrasse,Zürich
511,Muster,Hans,Hauptstrasse,Zürich
512,Muster,Hans,Hauptstrasse,Zürich
513,Muster,Hans,Hauptstrasse,Zürich
514,Muster,Hans,Hauptstrasse,Zürich
515,Muster,Hans,Hauptstrasse,Zürich
516,Muster,Hans,Hauptstrasse,Zürich
517,Muster,Hans,Hauptstrasse,Zürich
518,Muster,Hans,Hauptstrasse,Zürich
519,Muster,Hans,Hauptstrasse,Zürich
520,Muster,Hans,Hauptstrasse,Zürich
521,Muster,Hans,Hauptstrasse,Zürich
522,Muster,Hans,Hauptstrasse,Zürich
523,Muster,Hans,Hauptstrasse,Zürich
524,Muster,Hans,Hauptstrasse,Zürich
525,Muster,Hans,Hauptstrasse,Zürich
526,Muster,Hans,Hauptstrasse,Zürich
527,Muster,Hans,Hauptstrasse,Zürich
528,Muster,Hans,Hauptstrasse,Zürich
529,Muster,Hans,Hauptstrasse,Zürich
530,Muster,Hans,Hauptstrasse,Zürich
531,Muster,Hans,Hauptstrasse,Zürich
532,Muster,Hans,Hauptstrasse,Zürich
533,Muster,Hans,Hauptstrasse,Zürich
534,Muster,Hans,Hauptstrasse,Zürich
535,Muster,Hans,Hauptstrasse,Zürich
536,Muster,Hans,Hauptstrasse,Zürich
537,Muster,Hans,Hauptstrasse,Zürich
538,Muster,Hans,Hauptstrasse,Zürich
539,Muster,Hans,Hauptstrasse,Zürich
540,Muster,Hans,Hauptstrasse,Zürich
541,Muster,Hans,Hauptstrasse,Zürich
542,Muster,Hans,Hauptstrasse,Zürich
543,Muster,Hans,Hauptstrasse,Zürich
544,Muster,Hans,Hauptstrasse,Zürich
545,Muster,Hans,Hauptstrasse,Zürich
546,Muster,Hans,Hauptstrasse,Zürich
547,Muster,Hans,Hauptstrasse,Zürich
548,Muster,Hans,Hauptstrasse,Zürich
549,Muster,Hans,Hauptstrasse,Zürich
550,Muster,Hans,Hauptstrasse,Zürich
551,Muster,Hans,Hauptstrasse,Zürich
552,Muster,Hans,Hauptstrasse,Zürich
553,Muster,Hans,Hauptstrasse,Zürich
554,Muster,Hans,Hauptstrasse,Zürich
555,Muster,Hans,Hauptstrasse,Zürich
556,Muster,Hans,Hauptstrasse,Zürich
557,Muster,Hans,Hauptstrasse,Zürich
558,Muster,Hans,Hauptstrasse,Zürich
559,Muster,Hans,Hauptstrasse,Zürich
560,Muster,Hans,Hauptstrasse,Zürich
561,Muster,Hans,Hauptstrasse,Zürich
562,Muster,Hans,Hauptstrasse,Zürich
563,Muster,Hans,Hauptstrasse,Zürich
564,Muster,Hans,Hauptstrasse,Zürich
565,Muster,Hans,Hauptstrasse,Zürich
566,Muster,Hans,Hauptstrasse,Zürich
567,Muster,Hans,Hauptstrasse,Zürich
568,Muster,Hans,Hauptstrasse,Zürich
569,Muster,Hans,Hauptstrasse,Zürich
570,Muster,Hans,Hauptstrasse,Zürich
571,Muster,Hans,Hauptstrasse,Zürich
572,Muster,Hans,Hauptstrasse,Zürich
573,Muster,Hans,Hauptstrasse,Zürich
574,Muster,Hans,Hauptstrasse,Zürich
575,Muster,Hans,Hauptstrasse,Zürich
576,Muster,Hans,Hauptstrasse,Zürich
577,Muster,Hans,Hauptstrasse,Zürich
578,Muster,Hans,Hauptstrasse,Zürich
579,Muster,Hans,Hauptstrasse,Zürich
580,Muster,Hans,Hauptstrasse,Zürich
581,Muster,Hans,Hauptstrasse,Zürich
582,Muster,Hans,Hauptstrasse,Zürich
583,Muster,Hans,Hauptstrasse,Zürich
584,Muster,Hans,Hauptstrasse,Zürich
585,Muster,Hans,Hauptstrasse,Zürich
586,Muster,Hans,Hauptstrasse,Zürich
587,Muster,Hans,Hauptstrasse,Zürich
588,Muster,Hans,Hauptstrasse,Zürich
589,Muster,Hans,Hauptstrasse,Zürich
590,Muster,Hans,Hauptstrasse,Zürich
591,Muster,Hans,Hauptstrasse,Zürich
592,Muster,Hans,Hauptstrasse,Zürich
593,Muster,Hans,Hauptstrasse,Zürich
594,Muster,Hans,Hauptstrasse,Zürich
595,Muster,Hans,Hauptstrasse,Zürich
596,Muster,Hans,Hauptstrasse,Zürich
597,Muster,Hans,Hauptstrasse,Zürich
598,Muster,Hans,Hauptstrasse,Zürich
599,Muster,Hans,Hauptstrasse,Zürich
600,Muster,Hans,Hauptstrasse,Zürich
601,Muster,Hans,Hauptstrasse,Zürich
602,Muster,Hans,Hauptstrasse,Zürich
603,Muster,Hans,Hauptstrasse,Zürich
604,Muster,Hans,Hauptstrasse,Zürich
605,Muster,Hans,Hauptstrasse,Zürich
606,Muster,Hans,Hauptstrasse,Zürich
607,Muster,Hans,Hauptstrasse,Zürich
608,Muster,Hans,Hauptstrasse,Zürich
609,Muster,Hans,Hauptstrasse,Zürich
610,Muster,Hans,Hauptstrasse,Zürich
611,Muster,Hans,Hauptstrasse,Zürich
612,Muster,Hans,Hauptstrasse,Zürich
613,Muster,Hans,Hauptstrasse,Zürich
614,Muster,Hans,Hauptstrasse,Zürich
615,Muster,Hans,Hauptstrasse,Zürich
616,Muster,Hans,Hauptstrasse,Zürich
617,Muster,Hans,Hauptstrasse,Zürich
618,Muster,Hans,Hauptstrasse,Zürich
619,Muster,Hans,Hauptstrasse,Zürich
620,Muster,Hans,Hauptstrasse,Zürich
621,Muster,Hans,Hauptstrasse,Zürich
622,Muster,Hans,Hauptstrasse,Zürich
623,Muster,Hans,Hauptstrasse,Zürich
624,Muster,Hans,Hauptstrasse,Zürich
625,Muster,Hans,Hauptstrasse,Zürich
626,Muster,Hans,Hauptstrasse,Zürich
627,Muster,Hans,Hauptstrasse,Zürich
628,Muster,Hans,Hauptstrasse,Zürich
629,Muster,Hans,Hauptstrasse,Zürich
630,Muster,Hans,Hauptstrasse,Zürich
631,Muster,Hans,Hauptstrasse,Zürich
632,Muster,Hans,Hauptstrasse,Zürich
633,Muster,Hans,Hauptstrasse,Zürich
634,Muster,Hans,Hauptstrasse,Zürich
635,Muster,Hans,Hauptstrasse,Zürich
636,Muster,Hans,Hauptstrasse,Zürich
637,Muster,Hans,Hauptstrasse,Zürich
638,Muster,Hans,Hauptstrasse,Zürich
639,Muster,Hans,Hauptstrasse,Zürich
640,Muster,Hans,Hauptstrasse,Zürich
641,Muster,Hans,Hauptstrasse,Zürich
642,Muster,Hans,Hauptstrasse,Zürich
643,Muster,Hans,Hauptstrasse,Zürich
644,Muster,Hans,Hauptstrasse,Zürich
645,Muster,Hans,Hauptstrasse,Zürich
646,Muster,Hans,Hauptstrasse,Zürich
647,Muster,Hans,Hauptstrasse,Zürich
648,Muster,Hans,Hauptstrasse,Zürich
649,Muster,Hans,Hauptstrasse,Zürich
650,Muster,Hans,Hauptstrasse,Zürich
651,Muster,Hans,Hauptstrasse,Zürich
652,Muster,Hans,Hauptstrasse,Zürich
653,Muster,Hans,Hauptstrasse,Zürich
654,Muster,Hans,Hauptstrasse,Zürich
655,Muster,Hans,Hauptstrasse,Zürich
656,Muster,Hans,Hauptstrasse,Zürich
657,Muster,Hans,Hauptstrasse,Zürich
658,Muster,Hans,Hauptstrasse,Zürich
659,Muster,Hans,Hauptstrasse,Zürich
660,Muster,Hans,Hauptstrasse,Zürich
661,Muster,Hans,Hauptstrasse,Zürich
662,Muster,Hans,Hauptstrasse,Zürich
663,Muster,Hans,Hauptstrasse,Zürich
664,Muster,Hans,Hauptstrasse,Zürich
665,Muster,Hans,Hauptstrasse,Zürich
666,Muster,Hans,Hauptstrasse,Zürich
667,Muster,Hans,Hauptstrasse,Zürich
668,Muster,Hans,Hauptstrasse,Zürich
669,Muster,Hans,Hauptstrasse,Zürich
670,Muster,Hans,Hauptstrasse,Zürich
671,Muster,Hans,Hauptstrasse,Zürich
672,Muster,Hans,Hauptstrasse,Zürich
673,Muster,Hans,Hauptstrasse,Zürich
674,Muster,Hans,Hauptstrasse,Zürich
675,Muster,Hans,Hauptstrasse,Zürich
676,Muster,Hans,Hauptstrasse,Zürich
677,Muster,Hans,Hauptstrasse,Zürich
678,Muster,Hans,Hauptstrasse,Zürich
679,Muster,Hans,Hauptstrasse,Zürich
680,Muster,Hans,Hauptstrasse,Zürich
681,Muster,Hans,Hauptstrasse,Zürich
682,Muster,Hans,Hauptstrasse,Zürich
683,Muster,Hans,Hauptstrasse,Zürich
684,Muster,Hans,Hauptstrasse,Zürich
685,Muster,Hans,Hauptstrasse,Zürich
686,Muster,Hans,Hauptstrasse,Zürich
687,Muster,Hans,Hauptstrasse,Zürich
688,Muster,Hans,Hauptstrasse,Zürich
689,Muster,Hans,Hauptstrasse,Zürich
690,Muster,Hans,Hauptstrasse,Zürich
691,Muster,Hans,Hauptstrasse,Zürich
692,Muster,Hans,Hauptstrasse,Zürich
693,Muster,Hans,Hauptstrasse,Zürich
694,Muster,Hans,Hauptstrasse,Zürich
695,Muster,Hans,Hauptstrasse,Zürich
696,Muster,Hans,Hauptstrasse,Zürich
697,Muster,Hans,Hauptstrasse,Zürich
698,Muster,Hans,Hauptstrasse,Zürich
699,Muster,Hans,Hauptstrasse,Zürich
700,Muster,Hans,Hauptstrasse,Zürich
701,Muster,Hans,Hauptstrasse,Zürich
702,Muster,Hans,Hauptstrasse,Zürich
703,Muster,Hans,Hauptstrasse,Zürich
704,Muster,Hans,Hauptstrasse,Zürich
705,Muster,Hans,Hauptstrasse,Zürich
706,Muster,Hans,Hauptstrasse,Zürich
707,Muster,Hans,Hauptstrasse,Zürich
708,Muster,Hans,Hauptstrasse,Zürich
709,Muster,Hans,Hauptstrasse,Zürich
710,Muster,Hans,Hauptstrasse,Zürich
711,Muster,Hans,Hauptstrasse,Zürich
712,Muster,Hans,Hauptstrasse,Zürich
713,Muster,Hans,Hauptstrasse,Zürich
714,Muster,Hans,Hauptstrasse,Zürich
715,Muster,Hans,Hauptstrasse,Zürich
716,Muster,Hans,Hauptstrasse,Zürich
717,Muster,Hans,Hauptstrasse,Zürich
718,Muster,Hans,Hauptstrasse,Zürich
719,Muster,Hans,Hauptstrasse,Zürich
720,Muster,Hans,Hauptstrasse,Zürich
721,Muster,Hans,Hauptstrasse,Zürich
722,Muster,Hans,Hauptstrasse,Zürich
723,Muster,Hans,Hauptstrasse,Zürich
724,Muster,Hans,Hauptstrasse,Zürich
725,Muster,Hans,Hauptstrasse,Zürich
726,Muster,Hans,Hauptstrasse,Zürich
727,Muster,Hans,Hauptstrasse,Zürich
728,Muster,Hans,Hauptstrasse,Zürich
729,Muster,Hans,Hauptstrasse,Zürich
730,Muster,Hans,Hauptstrasse,Zürich
731,Muster,Hans,Hauptstrasse,Zürich
732,Muster,Hans,Hauptstrasse,Zürich
733,Muster,Hans,Hauptstrasse,Zürich
734,Muster,Hans,Hauptstrasse,Zürich
735,Muster,Hans,Hauptstrasse,Zürich
736,Muster,Hans,Hauptstrasse,Zürich
737,Muster,Hans,Hauptstrasse,Zürich
738,Muster,Hans,Hauptstrasse,Zürich
739,Muster,Hans,Hauptstrasse,Zürich
740,Muster,Hans,Hauptstrasse,Zürich
741,Muster,Hans,Hauptstrasse,Zürich
742,Muster,Hans,Hauptstrasse,Zürich
743,Muster,Hans,Hauptstrasse,Zürich
744,Muster,Hans,Hauptstrasse,Zürich
745,Muster,Hans,Hauptstrasse,Zürich
746,Muster,Hans,Hauptstrasse,Zürich
747,Muster,Hans,Hauptstrasse,Zürich
748,Muster,Hans,Hauptstrasse,Zürich
749,Muster,Hans,Hauptstrasse,Zürich
750,Muster,Hans,Hauptstrasse,Zürich
751,Muster,Hans,Hauptstrasse,Zürich
752,Muster,Hans,Hauptstrasse,Zürich
753,Muster,Hans,Hauptstrasse,Zürich
754,Muster,Hans,Hauptstrasse,Zürich
755,Muster,Hans,Hauptstrasse,Zürich
756,Muster,Hans,Hauptstrasse,Zürich
757,Muster,Hans,Hauptstrasse,Zürich
758,Muster,Hans,Hauptstrasse,Zürich
759,Muster,Hans,Hauptstrasse,Zürich
760,Muster,Hans,Hauptstrasse,Zürich
761,Muster,Hans,Hauptstrasse,Zürich
762,Muster,Hans,Hauptstrasse,Zürich
763,Muster,Hans,Hauptstrasse,Zürich
764,Muster,Hans,Hauptstrasse,Zürich
765,Muster,Hans,Hauptstrasse,Zürich
766,Muster,Hans,Hauptstrasse,Zürich
767,Muster,Hans,Hauptstrasse,Zürich
768,Muster,Hans,Hauptstrasse,Zürich
769,Muster,Hans,Hauptstrasse,Zürich
770,Muster,Hans,Hauptstrasse,Zürich
771,Muster,Hans,Hauptstrasse,Zürich
772,Muster,Hans,Hauptstrasse,Zürich
773,Muster,Hans,Hauptstrasse,Zürich
774,Muster,Hans,Hauptstrasse,Zürich
775,Muster,Hans,Hauptstrasse,Zürich
776,Muster,Hans,Hauptstrasse,Zürich
777,Muster,Hans,Hauptstrasse,Zürich
778,Muster,Hans,Hauptstrasse,Zürich
779,Muster,Hans,Hauptstrasse,Zürich
780,Muster,Hans,Hauptstrasse,Zürich
781,Muster,Hans,Hauptstrasse,Zürich
782,Muster,Hans,Hauptstrasse,Zürich
783,Muster,Hans,Hauptstrasse,Zürich
784,Muster,Hans,Hauptstrasse,Zürich
785,Muster,Hans,Hauptstrasse,Zürich
786,Muster,Hans,Hauptstrasse,Zürich
787,Muster,Hans,Hauptstrasse,Zürich
788,Muster,Hans,Hauptstrasse,Zürich
789,Muster,Hans,Hauptstrasse,Zürich
790,Muster,Hans,Hauptstrasse,Zürich
791,Muster,Hans,Hauptstrasse,Zürich
792,Muster,Hans,Hauptstrasse,Zürich
793,Muster,Hans,Hauptstrasse,Zürich
794,Muster,Hans,Hauptstrasse,Zürich
795,Muster,Hans,Hauptstrasse,Zürich
796,Muster,Hans,Hauptstrasse,Zürich
797,Muster,Hans,Hauptstrasse,Zürich
798,Muster,Hans,Hauptstrasse,Zürich
799,Muster,Hans,Hauptstrasse,Zürich
800,Muster,Hans,Hauptstrasse,Zürich
801,Muster,Hans,Hauptstrasse,Zürich
802,Muster,Hans,Hauptstrasse,Zürich
803,Muster,Hans,Hauptstrasse,Zürich
804,Muster,Hans,Hauptstrasse,Zürich
805,Muster,Hans,Hauptstrasse,Zürich
806,Muster,Hans,Hauptstrasse,Zürich
807,Muster,Hans,Hauptstrasse,Zürich
808,Muster,Hans,Hauptstrasse,Zürich
809,Muster,Hans,Hauptstrasse,Zürich
810,Muster,Hans,Hauptstrasse,Zürich
811,Muster,Hans,Hauptstrasse,Zürich
812,Muster,Hans,Hauptstrasse,Zürich
813,Muster,Hans,Hauptstrasse,Zürich
814,Muster,Hans,Hauptstrasse,Zürich
815,Muster,Hans,Hauptstrasse,Zürich
816,Muster,Hans,Hauptstrasse,Zürich
817,Muster,Hans,Hauptstrasse,Zürich
818,Muster,Hans,Hauptstrasse,Zürich
819,Muster,Hans,Hauptstrasse,Zürich
820,Muster,Hans,Hauptstrasse,Zürich
821,Muster,Hans,Hauptstrasse,Zürich
822,Muster,Hans,Hauptstrasse,Zürich
823,Muster,Hans,Hauptstrasse,Zürich
824,Muster,Hans,Hauptstrasse,Zürich
825,Muster,Hans,Hauptstrasse,Zürich
826,Muster,Hans,Hauptstrasse,Zürich
827,Muster,Hans,Hauptstrasse,Zürich
828,Muster,Hans,Hauptstrasse,Zürich
829,Muster,Hans,Hauptstrasse,Zürich
830,Muster,Hans,Hauptstrasse,Zürich
831,Muster,Hans,Hauptstrasse,Zürich
832,Muster,Hans,Hauptstrasse,Zürich
833,Muster,Hans,Hauptstrasse,Zürich
834,Muster,Hans,Hauptstrasse,Zürich
835,Muster,Hans,Hauptstrasse,Zürich
836,Muster,Hans,Hauptstrasse,Zürich
837,Muster,Hans,Hauptstrasse,Zürich
838,Muster,Hans,Hauptstrasse,Zürich
839,Muster,Hans,Hauptstrasse,Zürich
840,Muster,Hans,Hauptstrasse,Zürich
841,Muster,Hans,Hauptstrasse,Zürich
842,Muster,Hans,Hauptstrasse,Zürich
843,Muster,Hans,Hauptstrasse,Zürich
844,Muster,Hans,Hauptstrasse,Zürich
845,Muster,Hans,Hauptstrasse,Zürich
846,Muster,Hans,Hauptstrasse,Zürich
847,Muster,Hans,Hauptstrasse,Zürich
848,Muster,Hans,Hauptstrasse,Zürich
849,Muster,Hans,Hauptstrasse,Zürich
850,Muster,Hans,Hauptstrasse,Zürich
851,Muster,Hans,Hauptstrasse,Zürich
852,Muster,Hans,Hauptstrasse,Zürich
853,Muster,Hans,Hauptstrasse,Zürich
854,Muster,Hans,Hauptstrasse,Zürich
855,Muster,Hans,Hauptstrasse,Zürich
856,Muster,Hans,Hauptstrasse,Zürich
857,Muster,Hans,Hauptstrasse,Zürich
858,Muster,Hans,Hauptstrasse,Zürich
859,Muster,Hans,Hauptstrasse,Zürich
860,Muster,Hans,Hauptstrasse,Zürich
861,Muster,Hans,Hauptstrasse,Zürich
862,Muster,Hans,Hauptstrasse,Zürich
863,Muster,Hans,Hauptstrasse,Zürich
864,Muster,Hans,Hauptstrasse,Zürich
865,Muster,Hans,Hauptstrasse,Zürich
866,Muster,Hans,Hauptstrasse,Zürich
867,Muster,Hans,Hauptstrasse,Zürich
868,Muster,Hans,Hauptstrasse,Zürich
869,Muster,Hans,Hauptstrasse,Zürich
870,Muster,Hans,Hauptstrasse,Zürich
871,Muster,Hans,Hauptstrasse,Zürich
872,Muster,Hans,Hauptstrasse,Zürich
873,Muster,Hans,Hauptstrasse,Zürich
874,Muster,Hans,Hauptstrasse,Zürich
875,Muster,Hans,Hauptstrasse,Zürich
876,Muster,Hans,Hauptstrasse,Zürich
877,Muster,Hans,Hauptstrasse,Zürich
878,Muster,Hans,Hauptstrasse,Zürich
879,Muster,Hans,Hauptstrasse,Zürich
880,Muster,Hans,Hauptstrasse,Zürich
881,Muster,Hans,Hauptstrasse,Zürich
882,Muster,Hans,Hauptstrasse,Zürich
883,Muster,Hans,Hauptstrasse,Zürich
884,Muster,Hans,Hauptstrasse,Zürich
885,Muster,Hans,Hauptstrasse,Zürich
886,Muster,Hans,Hauptstrasse,Zürich
887,Muster,Hans,Hauptstrasse,Zürich
888,Muster,Hans,Hauptstrasse,Zürich
889,Muster,Hans,Hauptstrasse,Zürich
890,Muster,Hans,Hauptstrasse,Zürich
891,Muster,Hans,Hauptstrasse,Zürich
892,Muster,Hans,Hauptstrasse,Zürich
893,Muster,Hans,Hauptstrasse,Zürich
894,Muster,Hans,Hauptstrasse,Zürich
895,Muster,Hans,Hauptstrasse,Zürich
896,Muster,Hans,Hauptstrasse,Zürich
897,Muster,Hans,Hauptstrasse,Zürich
898,Muster,Hans,Hauptstrasse,Zürich
899,Muster,Hans,Hauptstrasse,Zürich
900,Muster,Hans,Hauptstrasse,Zürich
901,Muster,Hans,Hauptstrasse,Zürich
902,Muster,Hans,Hauptstrasse,Zürich
903,Muster,Hans,Hauptstrasse,Zürich
904,Muster,Hans,Hauptstrasse,Zürich
905,Muster,Hans,Hauptstrasse,Zürich
906,Muster,Hans,Hauptstrasse,Zürich
907,Muster,Hans,Hauptstrasse,Zürich
908,Muster,Hans,Hauptstrasse,Zürich
909,Muster,Hans,Hauptstrasse,Zürich
910,Muster,Hans,Hauptstrasse,Zürich
911,Muster,Hans,Hauptstrasse,Zürich
912,Muster,Hans,Hauptstrasse,Zürich
913,Muster,Hans,Hauptstrasse,Zürich
914,Muster,Hans,Hauptstrasse,Zürich
915,Muster,Hans,Hauptstrasse,Zürich
916,Muster,Hans,Hauptstrasse,Zürich
917,Muster,Hans,Hauptstrasse,Zürich
918,Muster,Hans,Hauptstrasse,Zürich
919,Muster,Hans,Hauptstrasse,Zürich
920,Muster,Hans,Hauptstrasse,Zürich
921,Muster,Hans,Hauptstrasse,Zürich
922,Muster,Hans,Hauptstrasse,Zürich
923,Muster,Hans,Hauptstrasse,Zürich
924,Muster,Hans,Hauptstrasse,Zürich
925,Muster,Hans,Hauptstrasse,Zürich
926,Muster,Hans,Hauptstrasse,Zürich
927,Muster,Hans,Hauptstrasse,Zürich
928,Muster,Hans,Hauptstrasse,Zürich
929,Muster,Hans,Hauptstrasse,Zürich
930,Muster,Hans,Hauptstrasse,Zürich
931,Muster,Hans,Hauptstrasse,Zürich
932,Muster,Hans,Hauptstrasse,Zürich
933,Muster,Hans,Hauptstrasse,Zürich
934,Muster,Hans,Hauptstrasse,Zürich
935,Muster,Hans,Hauptstrasse,Zürich
936,Muster,Hans,Hauptstrasse,Zürich
937,Muster,Hans,Hauptstrasse,Zürich
938,Muster,Hans,Hauptstrasse,Zürich
939,Muster,Hans,Hauptstrasse,Zürich
940,Muster,Hans,Hauptstrasse,Zürich
941,Muster,Hans,Hauptstrasse,Zürich
942,Muster,Hans,Hauptstrasse,Zürich
943,Muster,Hans,Hauptstrasse,Zürich
944,Muster,Hans,Hauptstrasse,Zürich
945,Muster,Hans,Hauptstrasse,Zürich
946,Muster,Hans,Hauptstrasse,Zürich
947,Muster,Hans,Hauptstrasse,Zürich
948,Muster,Hans,Hauptstrasse,Zürich
949,Muster,Hans,Hauptstrasse,Zürich
950,Muster,Hans,Hauptstrasse,Zürich
951,Muster,Hans,Hauptstrasse,Zürich
952,Muster,Hans,Hauptstrasse,Zürich
953,Muster,Hans,Hauptstrasse,Zürich
954,Muster,Hans,Hauptstrasse,Zürich
955,Muster,Hans,Hauptstrasse,Zürich
956,Muster,Hans,Hauptstrasse,Zürich
957,Muster,Hans,Hauptstrasse,Zürich
958,Muster,Hans,Hauptstrasse,Zürich
959,Muster,Hans,Hauptstrasse,Zürich
960,Muster,Hans,Hauptstrasse,Zürich
961,Muster,Hans,Hauptstrasse,Zürich
962,Muster,Hans,Hauptstrasse,Zürich
963,Muster,Hans,Hauptstrasse,Zürich
964,Muster,Hans,Hauptstrasse,Zürich
965,Muster,Hans,Hauptstrasse,Zürich
966,Muster,Hans,Hauptstrasse,Zürich
967,Muster,Hans,Hauptstrasse,Zürich
968,Muster,Hans,Hauptstrasse,Zürich
969,Muster,Hans,Hauptstrasse,Zürich
970,Muster,Hans,Hauptstrasse,Zürich
971,Muster,Hans,Hauptstrasse,Zürich
972,Muster,Hans,Hauptstrasse,Zürich
973,Muster,Hans,Hauptstrasse,Zürich
974,Muster,Hans,Hauptstrasse,Zürich
975,Muster,Hans,Hauptstrasse,Zürich
976,Muster,Hans,Hauptstrasse,Zürich
977,Muster,Hans,Hauptstrasse,Zürich
978,Muster,Hans,Hauptstrasse,Zürich
979,Muster,Hans,Hauptstrasse,Zürich
980,Muster,Hans,Hauptstrasse,Zürich
981,Muster,Hans,Hauptstrasse,Zürich
982,Muster,Hans,Hauptstrasse,Zürich
983,Muster,Hans,Hauptstrasse,Zürich
984,Muster,Hans,Hauptstrasse,Zürich
985,Muster,Hans,Hauptstrasse,Zürich
986,Muster,Hans,Hauptstrasse,Zürich
987,Muster,Hans,Hauptstrasse,Zürich
988,Muster,Hans,Hauptstrasse,Zürich
989,Muster,Hans,Hauptstrasse,Zürich
990,Muster,Hans,Hauptstrasse,Zürich
991,Muster,Hans,Hauptstrasse,Zürich
992,Muster,Hans,Hauptstrasse,Zürich
993,Muster,Hans,Hauptstrasse,Zürich
994,Muster,Hans,Hauptstrasse,Zürich
995,Muster,Hans,Hauptstrasse,Zürich
996,Muster,Hans,Hauptstrasse,Zürich
997,Muster,Hans,Hauptstrasse,Zürich
998,Muster,Hans,Hauptstrasse,Zürich
999,Muster,Hans,Hauptstrasse,Zürich
1000,Muster,Hans,Hauptstrasse,Zürich
